,orig_ident,reads_per_cell,genes_per_cell,cluster_id,cluster_name,group,x,y,smoothed_manual
8,0,310,172,1,eL6-2,0,4980.777664,49.77124718,L6
9,0,533,277,5,eL4,0,8729.177425,53.47311392,L4
12,0,452,237,11,eL2/3,0,11547.56636,46.31549263,L2/3
14,0,288,183,4,eL6-2,0,3280.980264,37.61281062,L6
15,0,457,268,1,eL5,0,7582.793601,45.35031185,L5
16,0,472,260,13,eL6-1,0,4691.683641,50.13700344,L6
19,0,413,206,10,eL6-1,0,12817.14381,48.95782821,L2/3
20,0,535,294,12,eL6-2,0,3426.174916,91.88149725,L6
21,0,750,342,14,eL6-1,0,5157.435324,84.14511967,L6
22,0,304,175,7,Micro,0,1480.039064,61.31039593,HPC
23,0,462,263,6,eL4,0,9461.603944,55.56052131,L4
24,0,429,206,5,eL2/3,0,12633.15804,58.75377178,L2/3
25,0,290,158,10,eL2/3,0,10688.07921,73.60596399,L2/3
26,0,810,374,4,eL4,0,12065.72304,73.3875239,L2/3
27,0,470,226,2,eL2/3,0,13121.71031,81.66815503,L2/3
28,0,447,241,1,eL6-1,0,4216.013943,74.05760602,L6
29,0,260,157,1,Endo,0,569.0051671,78.53595908,HPC
30,0,243,131,7,Oligo,0,2851.339453,89.30364674,cc
32,0,346,177,9,Astro-2,0,1324.545439,97.24617917,HPC
33,0,445,256,2,eL6-2,0,3272.789499,134.0175016,L6
34,0,477,250,4,eL5,0,9137.06547,125.9406405,L4
35,0,308,184,5,eL4,0,9265.449905,122.7530938,L4
36,0,331,180,7,eL6-2,0,3603.864778,138.4808499,L6
37,0,417,224,10,eL4,0,9856.904745,126.7916739,L4
39,0,419,216,2,eL2/3,0,9993.97546,133.4635544,L4
40,0,413,213,8,Endo,0,11006.36566,135.4782993,L2/3
41,0,299,162,5,eL2/3,0,11766.12332,133.0926944,L2/3
42,0,517,271,12,eL5,0,4510.0782,143.7522198,L6
43,0,322,168,6,eL4,0,12922.53095,127.1659613,L2/3
44,0,555,221,8,Micro,0,13714.76039,154.9392547,L2/3
46,0,375,212,3,eL4,0,9423.857943,159.9070197,L4
47,0,281,156,3,Astro-2,0,2553.534047,168.3947694,cc
48,0,374,209,5,eL5,0,6873.340536,157.0903639,L5
49,0,541,282,11,eL4,0,7081.700869,173.7048045,L5
50,0,319,157,8,Oligo,0,5523.493848,177.9487931,L6
51,0,544,263,13,eL6-2,0,4053.372718,166.7445374,L6
52,0,490,244,1,PVALB,0,6314.988253,157.1312199,L6
53,0,371,198,2,eL5,0,1033.021933,159.9845518,HPC
54,0,293,154,5,Oligo,0,2246.444957,187.9717784,cc
55,0,240,129,5,Oligo,0,2811.95398,173.6381426,cc
56,0,856,391,7,eL2/3,0,11304.52257,170.8976356,L2/3
59,0,603,318,12,eL4,0,8723.938968,197.6951882,L4
60,0,306,175,3,Micro,0,10627.52156,188.5845105,L2/3
61,0,699,349,11,eL2/3,0,11822.76153,214.4548412,L2/3
62,0,277,158,5,Endo,0,934.0705425,184.9060413,HPC
63,0,593,296,4,eL2/3,0,10469.80467,224.0120279,L2/3
64,0,478,244,15,eL6-2,0,5405.770695,217.9780704,L6
66,0,292,169,12,eL2/3,0,12753.13117,253.0161473,L2/3
67,0,349,194,2,Astro-2,0,1346.582012,255.1228003,HPC
68,0,237,121,11,Oligo,0,2669.917972,235.1176622,cc
69,0,408,210,6,eL6-2,0,6022.428538,239.6047689,L6
70,0,371,204,8,eL4,0,8838.501324,247.5229863,L4
71,0,305,158,5,Oligo,0,2801.523311,282.032729,cc
73,0,351,205,0,eL6-2,0,3288.222702,253.9837923,L6
75,0,277,163,8,eL5,0,1020.539606,297.1043588,HPC
76,0,618,330,10,eL4,0,9739.765545,258.2641502,L4
77,0,798,376,1,eL2/3,0,10631.29537,305.8981014,L2/3
78,0,567,291,11,eL6-2,0,3603.870642,289.7450627,L6
79,0,250,143,8,Astro-2,0,6890.985099,292.287538,L5
80,0,930,398,2,eL6-1,0,12261.38978,307.4996457,L2/3
81,0,333,187,5,Micro,0,907.5889339,326.160108,HPC
84,0,662,356,3,eL5,0,7611.680855,311.7727903,L5
85,0,302,151,2,Oligo,0,1540.947871,312.2009951,cc
86,0,478,265,1,HPC,0,221.4811141,311.7581076,HPC
87,0,417,216,4,eL2/3,0,10343.77875,323.9742171,L2/3
88,0,226,107,1,Oligo,0,2668.30173,324.6981745,cc
89,0,603,270,5,VIP,0,13298.49053,341.4209232,L2/3
91,0,271,137,11,Oligo,0,4919.207391,341.8150003,L6
92,0,761,370,10,eL4,0,8243.814303,347.414516,L4
93,0,732,362,5,eL4,0,8525.112071,350.1960665,L4
94,0,674,315,2,eL6-2,0,4367.885552,362.9529848,L6
95,0,446,245,2,eL4,0,9874.984246,354.5161569,L4
96,0,318,171,11,eL6-2,0,4236.005533,373.7048832,L6
98,0,202,128,5,eL5,0,4009.928922,356.9109477,L6
99,0,541,274,1,eL4,0,8916.875945,364.500091,L4
100,0,434,226,5,eL6-2,0,3486.997622,377.9730038,L6
101,0,205,113,6,eL4,0,1196.07499,356.8812524,HPC
102,0,897,398,5,eL2/3,0,11586.14685,398.0127776,L2/3
103,0,272,158,0,Astro-2,0,113.5500837,393.3266555,HPC
104,0,726,355,3,eL2/3,0,11266.30268,366.4395556,L2/3
105,0,787,381,5,eL4,0,9341.23564,364.4475446,L4
106,0,324,177,2,eL4,0,9724.855301,398.2109253,L4
107,0,293,153,5,Oligo,0,2213.414954,389.2617677,cc
109,0,456,230,2,eL6-2,0,5937.64717,416.5598511,L6
110,0,657,311,3,HPC,0,563.1795238,414.4234716,HPC
112,0,719,361,3,eL6-2,0,4112.985993,439.3453151,L6
113,0,524,260,2,PVALB,0,7674.855404,427.938334,L5
114,0,207,113,8,eL6-1,0,12637.86625,438.6461564,L2/3
115,0,298,138,5,Oligo,0,1467.218541,445.3098393,cc
116,0,443,237,7,eL4,0,8116.014514,444.1738962,L4
117,0,886,395,13,eL4,0,7820.84131,448.1179098,L5
118,0,363,179,7,VIP,0,12177.44165,441.4962934,L2/3
120,0,382,196,5,eL6-1,0,4900.319013,473.9714099,L6
121,0,340,173,8,Oligo,0,6866.153738,453.6164143,L5
122,0,443,236,10,SST,0,1275.974944,453.5991584,HPC
123,0,811,333,1,SST,0,10801.31497,484.0729586,L2/3
124,0,908,399,10,eL6-1,0,5641.312541,482.4385219,L6
125,0,294,164,1,eL2/3,0,9934.88573,464.7853141,L4
126,0,537,278,1,eL4,0,9067.296395,483.4840335,L4
128,0,481,269,2,eL2/3,0,8947.835059,501.5311683,L4
130,0,296,153,2,SST,0,10643.39587,519.3427151,L2/3
131,0,375,193,8,Oligo,0,2229.6226,538.5165622,cc
133,0,360,211,5,Astro-2,0,2784.774247,542.4450907,cc
134,0,305,169,8,Endo,0,1263.369701,561.44617,HPC
137,0,835,389,2,eL6-2,0,3535.085669,542.8382405,L6
138,0,301,157,5,eL6-1,0,3946.098924,581.927921,L6
139,0,568,320,3,eL5,0,7586.721426,567.037644,L5
141,0,613,314,6,eL5,0,7417.800834,600.3370602,L5
142,0,205,113,8,Micro,0,1362.963547,590.4434941,HPC
143,0,684,303,8,SST,0,8636.667564,586.4473935,L4
144,0,327,193,10,eL2/3,0,9373.896544,620.5926933,L4
145,0,325,184,4,eL4,0,9657.675083,615.9554936,L4
146,0,381,188,13,Oligo,0,1841.65684,632.9355458,cc
147,0,205,126,2,Endo,0,5819.910819,603.3552328,L6
148,0,393,226,2,eL2/3,0,10940.97025,639.9638448,L2/3
149,0,321,176,5,Oligo,0,3404.896346,635.1078405,L6
150,0,421,199,7,Astro-2,0,12572.14919,628.1883816,L2/3
151,0,730,367,4,eL6-2,0,4779.012955,632.0201952,L6
152,0,354,240,2,eL2/3,0,11057.10921,643.6434382,L2/3
153,0,372,206,6,eL6-1,0,11168.43221,655.3500152,L2/3
154,0,626,322,5,eL6-2,0,4292.127796,637.8552811,L6
155,0,221,129,1,eL2/3,0,10519.83428,646.1267343,L2/3
156,0,349,206,5,eL5,0,7097.457481,676.3642469,L5
158,0,244,136,13,Oligo,0,1671.390329,668.3987541,cc
159,0,676,334,7,eL6-1,0,4545.621457,676.2134362,L6
161,0,569,298,8,eL5,0,5950.098746,673.994259,L6
162,0,301,157,1,Oligo,0,6704.93077,686.2334026,L5
163,0,209,126,1,Micro,0,1317.434011,692.6813449,HPC
164,0,249,144,2,Endo,0,3561.400046,685.5635496,L6
165,0,253,136,8,Endo,0,11700.77948,680.2501614,L2/3
166,0,584,281,5,SST,0,3223.25251,667.8535137,L6
167,0,442,236,11,eL6-2,0,3731.806612,680.9378688,L6
168,0,318,173,8,Micro,0,3913.011419,697.5043075,L6
170,0,287,167,15,eL6-1,0,9213.22739,708.3771486,L4
171,0,454,234,11,Endo,0,12084.39777,695.1128037,L2/3
172,0,223,137,2,eL6-1,0,5614.94271,711.5579402,L6
173,0,401,229,13,Endo,0,12519.81956,718.9760603,L2/3
175,0,271,157,1,Endo,0,13014.97455,719.7083195,L2/3
176,0,1076,461,0,eL6-1,0,6393.110025,740.7602456,L5
177,0,210,94,11,Micro,0,13535.7159,741.6231363,L1
178,0,202,118,2,Oligo,0,6932.335108,713.6905892,L5
179,0,277,161,6,eL6-1,0,4401.292595,732.3090575,L6
180,0,275,151,8,Astro-2,0,1122.092526,730.0242621,HPC
181,0,527,278,8,eL6-2,0,5458.770682,720.2836756,L6
182,0,456,245,7,eL5,0,10025.15935,756.3313501,L4
183,0,423,246,8,eL4,0,10403.33466,748.7111282,L2/3
184,0,553,330,8,eL2/3,0,8280.727639,770.2260492,L5
185,0,462,263,2,Micro,0,9465.485737,750.672868,L4
186,0,207,115,1,Endo,0,12132.39378,790.8235075,L2/3
187,0,384,220,3,eL6-1,0,4188.768834,772.7336667,L6
189,0,233,137,2,Endo,0,11060.37728,778.4997174,L2/3
190,0,424,227,8,eL4,0,9881.110543,801.1502806,L4
191,0,548,264,8,eL6-1,0,5276.054602,795.4436134,L6
192,0,605,310,7,Micro,0,8461.276511,771.2752859,L4
193,0,405,241,0,Reln,0,818.8129784,796.3022371,HPC
194,0,308,170,10,Reln,0,7467.520177,806.139305,L5
195,0,275,148,7,Astro-2,0,1440.032916,813.5073337,HPC
196,0,298,158,10,Astro-2,0,1555.084237,793.4481003,cc
197,0,422,228,10,eL6-2,0,4648.338249,791.5435454,L6
198,0,203,126,2,eL6-1,0,4754.171814,813.9931034,L6
199,0,356,190,10,Astro-2,0,6967.80465,831.0357598,L5
200,0,246,144,15,Endo,0,11574.51064,817.9962917,L2/3
202,0,342,158,8,Oligo,0,2837.487376,842.3512755,cc
203,0,587,312,5,eL6-2,0,3234.984106,840.0728374,L6
204,0,711,327,11,eL5,0,7907.473267,831.1210202,L5
205,0,672,321,1,PVALB,0,9231.321375,838.3152303,L4
206,0,646,306,0,Endo,0,12877.20055,800.5469782,L2/3
207,0,211,116,8,Endo,0,11373.04051,842.5637495,L2/3
208,0,274,156,4,Endo,0,13055.21507,826.7362001,L2/3
209,0,309,174,2,eL2/3,0,13185.68796,840.0530683,L2/3
210,0,430,230,8,eL5,0,4038.056257,828.5061547,L6
211,0,313,164,2,Endo,0,11875.32811,826.961514,L2/3
213,0,454,220,10,Endo,0,12336.85685,839.0049395,L2/3
214,0,361,212,1,eL4,0,5526.636273,844.9705406,L6
215,0,391,206,5,Endo,0,10719.6234,855.1961462,L2/3
216,0,446,241,2,eL2/3,0,10356.89031,861.6840534,L2/3
217,0,366,197,7,eL6-2,0,3550.542352,843.3590226,L6
218,0,374,184,7,Endo,0,10953.94462,875.4612732,L2/3
219,0,661,327,2,eL4,0,8471.899556,874.9891569,L4
220,0,784,368,1,eL6-2,0,4976.649382,859.7859316,L6
221,0,819,363,15,eL2/3,0,12690.87799,864.8534292,L2/3
222,0,640,299,5,eL2/3,0,11714.54698,886.4602851,L2/3
223,0,290,157,2,eL6-1,0,4411.11572,889.5402086,L6
224,0,218,103,5,Endo,0,13788.87947,881.0151926,L1
225,0,370,203,2,eL5,0,6485.447184,893.6447184,L5
226,0,307,183,1,eL6-2,0,4637.071612,900.6077301,L6
227,0,315,176,13,eL4,0,9517.001178,914.0714959,L4
228,0,321,175,7,Astro-2,0,888.5757216,900.4687245,HPC
229,0,667,323,7,eL6-2,0,3716.099686,895.1677064,L6
232,0,224,126,9,eL6-2,0,4138.46534,921.8537627,L6
233,0,711,324,8,Astro-2,0,8235.884082,933.8971898,L5
234,0,983,425,1,eL6-1,0,6364.388638,948.9359736,L5
235,0,399,178,11,SST,0,1004.054456,910.2877265,HPC
236,0,556,303,6,Reln,0,12384.0592,932.5363625,L2/3
237,0,903,389,11,eL2/3,0,12538.38191,952.6380231,L2/3
238,0,208,111,7,Astro-2,0,10618.73933,977.3800035,L2/3
240,0,218,136,2,Endo,0,7647.799541,972.9126442,L5
241,0,541,268,11,eL2/3,0,11272.80828,988.9543336,L2/3
242,0,359,174,9,Endo,0,10170.07953,994.6602967,L2/3
243,0,975,445,2,eL2/3,0,11875.10164,1008.209675,L2/3
247,0,492,211,5,Endo,0,13789.85372,1034.748836,L1
249,0,347,176,1,Endo,0,9584.549181,1013.09538,L4
251,0,1020,440,11,Astro-1,0,8028.457284,1024.276891,L5
252,0,791,366,5,eL2/3,0,10793.50352,1036.54203,L2/3
253,0,452,189,3,Oligo,0,2758.04929,1040.187375,cc
254,0,531,269,5,eL6-1,0,6528.879457,1041.316871,L5
255,0,391,196,13,eL6-1,0,12850.60255,1056.857094,L2/3
256,0,247,140,13,eL6-1,0,7451.838361,1045.029443,L5
257,0,254,118,2,Astro-2,0,11622.24374,1048.029177,L2/3
258,0,236,131,11,Endo,0,9090.296832,1049.552382,L4
259,0,420,216,12,eL6-2,0,5726.848008,1047.930825,L6
260,0,269,145,8,Endo,0,9885.527299,1062.934997,L4
261,0,251,143,14,eL5,0,1158.263108,1049.030786,HPC
262,0,448,228,1,eL6-1,0,4688.951023,1067.625064,L6
263,0,277,163,12,Endo,0,10169.63613,1071.756783,L2/3
264,0,376,187,2,Oligo,0,1401.77517,1073.606667,cc
265,0,582,302,1,eL5,0,5973.407988,1080.024389,L6
266,0,345,183,2,Oligo,0,2219.536533,1065.068283,cc
267,0,210,123,0,Oligo,0,6861.253837,1087.373807,L5
268,0,691,324,2,eL6-2,0,5350.215683,1092.243988,L6
269,0,499,248,13,Astro-2,0,3621.745719,1094.893311,L6
270,0,509,275,10,eL6-1,0,4779.453811,1120.637429,L6
271,0,521,282,8,eL2/3,0,12342.63191,1114.80846,L2/3
273,0,465,256,2,eL6-2,0,5714.348834,1140.039323,L6
274,0,409,201,12,Oligo,0,12462.33504,1126.377806,L2/3
275,0,230,130,7,Endo,0,8655.813806,1158.379926,L4
276,0,417,206,12,Oligo,0,3505.288579,1141.849857,L6
277,0,573,270,2,VIP,0,4218.858736,1178.457255,L6
278,0,259,140,8,Astro-1,0,8232.02705,1137.581525,L5
279,0,274,153,11,eL6-2,0,3237.838676,1155.9822,L6
280,0,269,147,7,Micro,0,4097.700735,1167.065644,L6
282,0,738,346,1,eL6-2,0,4985.351918,1138.504387,L6
283,0,254,136,2,Endo,0,8388.112646,1179.313096,L5
284,0,269,136,8,Endo,0,9025.98479,1174.273609,L4
285,0,335,163,13,Oligo,0,7018.495565,1165.756492,L5
287,0,822,356,6,eL2/3,0,11466.45738,1179.740183,L2/3
288,0,297,147,0,Oligo,0,1651.975832,1173.20165,cc
289,0,603,288,8,Astro-2,0,10526.49813,1176.527332,L2/3
290,0,977,422,7,eL2/3,0,11021.97408,1193.664369,L2/3
291,0,228,136,2,eL6-1,0,6833.349399,1185.312384,L5
292,0,873,382,10,Astro-2,0,13748.3293,1176.369952,L1
294,0,250,141,10,Endo,0,5269.87147,1207.216956,L6
295,0,277,134,2,Oligo,0,1782.293957,1199.785105,cc
296,0,335,173,1,Endo,0,7913.049481,1202.243205,L5
298,0,253,136,1,SST,0,1410.565238,1200.837076,cc
299,0,730,350,7,eL2/3,0,9967.592261,1219.417949,L2/3
300,0,294,164,1,Endo,0,9134.174336,1216.956772,L4
301,0,346,134,11,Oligo,0,2631.988962,1228.553615,cc
302,0,714,340,8,eL4,0,9536.791261,1238.492762,L4
305,0,674,305,7,eL6-1,0,4676.966339,1257.905927,L6
306,0,501,264,6,eL2/3,0,12803.09614,1233.088017,L2/3
307,0,330,163,0,Endo,0,8358.900085,1266.294323,L5
308,0,249,129,2,Endo,0,7821.148222,1243.66837,L5
309,0,249,133,1,eL2/3,0,10336.17704,1238.510915,L2/3
310,0,672,331,8,eL6-2,0,4518.315806,1240.460872,L6
311,0,204,113,13,Endo,0,12926.94379,1253.750806,L2/3
312,0,296,146,8,Endo,0,8008.630756,1264.676071,L5
314,0,554,303,9,eL6-2,0,3399.12656,1262.722749,L6
315,0,597,278,10,VIP,0,244.6287344,1283.544737,HPC
316,0,341,170,13,Micro,0,13013.60849,1234.754183,L2/3
317,0,318,159,0,Astro-1,0,907.7424593,1306.317456,HPC
318,0,501,253,15,Micro,0,12211.03348,1270.908771,L2/3
319,0,348,175,7,Oligo,0,1874.215606,1295.189768,cc
320,0,509,288,10,eL6-2,0,3682.692973,1292.338861,L6
322,0,345,187,10,Endo,0,13102.10535,1321.464715,L2/3
323,0,272,159,7,Astro-2,0,1420.723105,1323.806133,cc
324,0,700,333,11,eL6-2,0,12084.74349,1292.026409,L2/3
325,0,534,273,8,eL4,0,9336.888855,1318.031642,L4
327,0,674,314,5,eL6-2,0,4339.851015,1319.225397,L6
328,0,694,321,0,eL6-2,0,5111.391516,1358.138355,L6
329,0,696,294,1,eL4,0,10808.13406,1349.898715,L2/3
330,0,771,360,0,eL2/3,0,11487.25877,1343.883011,L2/3
331,0,423,224,4,Endo,0,12785.84334,1335.477505,L2/3
332,0,282,118,11,Oligo,0,2678.318271,1336.960794,cc
333,0,273,153,8,Oligo,0,7341.835791,1349.881356,L5
335,0,403,210,2,eL6-2,0,4549.232661,1361.531566,L6
337,0,720,354,11,eL6-2,0,5286.568025,1359.002608,L6
338,0,603,327,8,eL5,0,7801.812567,1377.105238,L5
339,0,384,183,1,Astro-2,0,520.6127119,1356.900574,HPC
340,0,205,108,2,Micro,0,11263.3327,1382.350652,L2/3
341,0,672,311,10,PVALB,0,12231.85193,1400.638396,L2/3
342,0,237,149,6,eL6-1,0,3418.404811,1402.99161,L6
344,0,359,157,8,Oligo,0,1884.868435,1420.552375,cc
346,0,467,256,7,eL6-2,0,3651.897559,1431.522693,L6
347,0,254,149,11,Endo,0,12515.65684,1408.845632,L2/3
348,0,207,123,8,Endo,0,12814.77586,1427.900782,L2/3
349,0,234,141,11,eL4,0,8606.801303,1439.08777,L4
350,0,524,270,8,eL4,0,11921.27912,1448.923017,L2/3
351,0,214,121,2,Oligo,0,1381.781234,1457.678533,cc
352,0,202,119,2,Endo,0,6039.782731,1478.457053,L5
353,0,301,168,11,eL4,0,9338.682104,1460.402959,L4
355,0,540,298,0,eL6-2,0,4828.046897,1483.085142,L6
356,0,511,275,4,eL4,0,9021.601372,1493.968555,L4
357,0,208,107,8,eL4,0,10070.06564,1512.123956,L2/3
358,0,459,228,2,eL4,0,8652.023366,1512.21023,L4
360,0,661,311,1,eL6-2,0,3892.744397,1507.413563,L6
361,0,207,97,8,Astro-1,0,5940.64993,1522.741293,L5
362,0,356,188,7,Astro-2,0,3372.389304,1520.333704,L6
364,0,258,146,9,Astro-2,0,5579.130818,1514.155349,L6
365,0,647,301,5,eL2/3,0,12309.48134,1523.199406,L2/3
366,0,828,396,2,eL5,0,6613.906114,1529.334798,L5
367,0,626,313,2,Reln,0,13328.38158,1542.737267,L1
368,0,319,182,5,eL5,0,7285.562084,1527.725006,L5
369,0,740,361,10,eL2/3,0,11480.57165,1544.270007,L2/3
370,0,217,107,5,Smc,0,2670.021292,1551.714561,cc
371,0,418,204,11,Astro-2,0,5232.357458,1552.627006,L6
372,0,233,132,11,PVALB,0,7951.528514,1548.538764,L5
373,0,305,171,1,eL4,0,9329.186836,1559.203088,L4
374,0,275,141,8,Endo,0,10198.44467,1568.587173,L2/3
376,0,401,211,13,eL4,0,8815.330976,1574.954642,L4
377,0,661,318,14,eL5,0,1263.967651,1584.250738,cc
378,0,533,269,2,Oligo,0,4811.229308,1601.983383,L6
379,0,231,131,12,PVALB,0,7712.822645,1590.685647,L5
380,0,624,280,6,VIP,0,6921.356061,1594.49184,L5
381,0,893,406,5,eL5,0,6774.151265,1587.388086,L5
382,0,414,199,13,eL2/3,0,10561.55147,1604.571207,L2/3
383,0,347,169,0,Astro-2,0,1630.314853,1605.284118,cc
384,0,227,133,11,eL6-2,0,4273.595708,1617.951017,L6
385,0,306,144,8,Oligo,0,1891.352522,1631.125536,cc
386,0,296,164,10,eL4,0,8604.256725,1641.993206,L4
387,0,659,289,1,eL2/3,0,12538.94821,1650.73618,L2/3
388,0,318,175,15,eL5,0,7384.247604,1664.426724,L5
389,0,384,200,0,eL4,0,9048.916102,1656.910512,L4
390,0,348,188,14,eL6-1,0,11095.62516,1657.234779,L2/3
391,0,701,326,7,eL2/3,0,12375.60245,1663.428495,L2/3
392,0,349,200,8,eL4,0,8721.75059,1658.361584,L4
394,0,288,145,1,Endo,0,10370.91862,1666.206294,L2/3
395,0,1027,429,1,eL2/3,0,11912.44519,1668.47199,L2/3
396,0,449,228,6,eL5,0,6650.446786,1672.995839,L5
397,0,672,342,3,HPC,0,400.7796357,1686.336032,HPC
398,0,244,144,0,Micro,0,5471.524021,1693.791513,L6
399,0,334,167,5,eL6-1,0,10638.05823,1695.155137,L2/3
400,0,547,261,1,Oligo,0,3419.99836,1726.070774,L6
402,0,254,112,10,Oligo,0,1471.212824,1712.698977,cc
403,0,1133,451,7,Astro-1,0,7607.075435,1729.914509,L5
404,0,448,187,3,Oligo,0,1831.435444,1723.405834,cc
405,0,780,370,2,eL6-2,0,5065.355605,1720.831726,L6
406,0,226,106,2,Oligo,0,2349.474271,1720.222803,cc
407,0,670,286,0,Micro,0,12812.4376,1741.92309,L2/3
408,0,628,330,8,eL4,0,9733.717968,1736.826853,L4
409,0,612,314,10,eL6-2,0,4820.26272,1761.052397,L6
410,0,550,285,7,eL6-2,0,3513.174203,1762.37251,L6
411,0,768,331,11,HPC,0,733.2044486,1771.327964,HPC
412,0,393,218,8,eL4,0,8600.527367,1774.047519,L4
413,0,668,329,8,eL6-1,0,4057.067258,1769.616765,L6
414,0,306,149,5,Oligo,0,6136.400387,1775.368065,L5
416,0,418,211,2,PVALB,0,10084.82156,1763.12151,L2/3
417,0,536,272,2,eL6-1,0,4429.864529,1793.252778,L6
418,0,582,305,1,eL6-1,0,9595.376568,1791.37673,L4
419,0,256,125,2,Micro,0,204.1443283,1795.103389,HPC
420,0,459,246,10,eL6-2,0,3672.704542,1792.467975,L6
421,0,335,155,10,eL5,0,10459.30294,1792.198539,L2/3
422,0,747,335,11,Astro-2,0,5896.952767,1780.505563,L5
423,0,278,152,6,Micro,0,4560.327047,1782.574335,L6
424,0,283,164,2,HPC,0,5415.581635,1823.50746,L6
425,0,380,213,1,eL5,0,6628.495738,1848.103152,L5
427,0,306,174,2,eL6-1,0,11077.68543,1823.641872,L2/3
428,0,643,281,7,eL2/3,0,10945.8718,1827.346471,L2/3
429,0,686,301,8,eL2/3,0,12398.75402,1850.679313,L2/3
430,0,379,180,4,Astro-2,0,2935.454495,1864.351122,L6
432,0,1094,402,5,eL2/3,0,11521.91249,1855.559806,L2/3
433,0,580,290,4,eL6-2,0,3673.236283,1916.250626,L6
434,0,203,130,11,Micro,0,4553.741418,1882.765294,L6
435,0,217,117,3,Endo,0,7434.632677,1879.208222,L5
436,0,266,159,0,Astro-2,0,6522.662375,1887.098177,L5
437,0,850,354,6,PVALB,0,9102.990122,1894.617237,L4
438,0,210,135,5,Endo,0,9521.011094,1887.813525,L4
439,0,317,140,11,Oligo,0,1536.771251,1891.643547,cc
440,0,579,237,8,Astro-2,0,13458.36075,1876.392086,L1
441,0,702,329,0,eL6-2,0,3242.135307,1879.975846,L6
442,0,225,121,3,Astro-1,0,7074.874134,1912.112263,L5
443,0,547,261,1,VIP,0,11999.20099,1906.708169,L2/3
445,0,394,204,1,Endo,0,8733.114543,1890.691411,L4
446,0,555,291,8,eL4,0,8474.954368,1922.11161,L4
447,0,533,261,4,SST,0,6337.715992,1926.723436,L5
448,0,569,287,8,eL6-2,0,4077.513386,1944.415975,L6
449,0,282,165,7,eL4,0,8905.059567,1946.883204,L4
450,0,240,107,2,Oligo,0,2229.736591,1914.575559,cc
451,0,614,279,4,eL6-1,0,4247.094198,1951.053044,L6
452,0,332,166,2,Astro-2,0,8262.11387,1938.938501,L4
453,0,602,298,11,eL2/3,0,10193.01468,1947.499548,L2/3
454,0,278,161,1,Astro-2,0,2129.23685,1940.493049,cc
455,0,220,123,8,Astro-2,0,5990.443538,1951.102764,L5
456,0,276,155,5,VIP,0,11876.67751,1965.245521,L2/3
457,0,523,245,10,Endo,0,13693.87027,1979.586538,L1
458,0,453,206,10,Astro-2,0,13803.29844,1978.040691,L1
459,0,616,308,1,eL4,0,8074.151014,1971.472262,L4
460,0,511,200,4,Oligo,0,1327.441244,1995.007222,cc
461,0,251,135,12,Oligo,0,9605.875577,2014.575785,L4
462,0,661,300,2,VIP,0,12071.3769,2002.164508,L2/3
463,0,493,207,8,Oligo,0,1674.539889,2012.004793,cc
464,0,1021,426,1,eL2/3,0,11673.33458,2048.199762,L2/3
465,0,293,144,11,Oligo,0,2221.314026,2048.078264,cc
466,0,809,278,1,SST,0,12249.32705,2019.002629,L2/3
467,0,261,147,14,Endo,0,2522.381536,2026.619048,cc
469,0,779,349,5,eL4,0,9914.660956,2043.864086,L4
470,0,301,133,2,Oligo,0,2086.16673,2050.769796,cc
471,0,692,343,3,PVALB,0,5163.644534,2058.563995,L6
472,0,947,420,0,eL2/3,0,12614.59712,2083.294497,L2/3
473,0,425,233,1,eL6-2,0,3174.178235,2071.441656,L6
475,0,733,360,1,eL6-2,0,4701.313735,2088.959975,L6
476,0,517,240,1,Micro,0,6500.393471,2062.276355,L5
477,0,707,336,4,eL2/3,0,11264.25266,2100.919202,L2/3
479,0,327,197,15,eL4,0,9130.210667,2110.974119,L4
480,0,1086,427,3,PVALB,0,10750.38759,2129.216723,L2/3
481,0,446,262,3,eL6-2,0,3428.016943,2106.30173,L6
482,0,477,254,7,HPC,0,337.5853823,2104.651669,HPC
483,0,316,169,6,SST,0,12088.09801,2121.443256,L2/3
484,0,460,249,0,eL6-2,0,3812.059186,2124.069967,L6
485,0,551,265,0,eL6-1,0,5413.996319,2132.800573,L6
486,0,467,238,8,PVALB,0,8682.971725,2126.942972,L4
487,0,629,336,4,eL2/3,0,10433.53764,2137.16958,L2/3
488,0,624,307,3,eL4,0,12316.57809,2127.005312,L2/3
492,0,520,247,0,Oligo,0,11364.69609,2163.473833,L2/3
493,0,269,180,8,eL2/3,0,11064.72638,2149.46333,L2/3
494,0,278,136,8,Oligo,0,2620.13863,2182.843313,cc
495,0,502,258,8,eL4,0,8496.021766,2185.271869,L4
496,0,280,173,2,eL2/3,0,12201.3947,2176.772833,L2/3
497,0,225,122,13,Micro,0,6304.272741,2183.450408,L5
499,0,669,292,0,eL6-2,0,5189.62386,2246.767949,L6
500,0,364,197,1,Astro-2,0,3177.204981,2189.509691,L6
502,0,863,377,2,Reln,0,13042.42154,2206.336792,L2/3
503,0,494,243,6,eL6-2,0,3705.11209,2216.756605,L6
504,0,502,282,5,eL4,0,9477.672615,2217.968937,L4
505,0,1168,481,3,eL5,0,7248.250865,2222.635944,L5
506,0,501,255,1,eL4,0,7624.078644,2212.610267,L5
507,0,304,143,7,Oligo,0,2081.323182,2257.276475,cc
508,0,520,277,12,eL4,0,8784.933235,2217.863617,L4
509,0,624,301,2,eL6-2,0,4035.588925,2205.416488,L6
510,0,801,378,8,eL2/3,0,11604.55997,2249.071797,L2/3
511,0,405,241,2,eL6-2,0,3560.021199,2230.532759,L6
513,0,554,277,1,eL6-1,0,6576.766605,2262.367478,L5
514,0,882,387,5,eL2/3,0,12233.93524,2282.49812,L2/3
515,0,563,268,6,eL4,0,10307.79124,2276.357497,L2/3
516,0,262,154,12,Endo,0,6417.216565,2279.929575,L5
517,0,230,123,7,Oligo,0,1581.492563,2294.606012,cc
518,0,445,213,8,eL2/3,0,10558.71813,2298.180105,L2/3
519,0,1221,444,11,Astro-1,0,6947.637525,2306.617524,L5
520,0,314,171,1,eL4,0,9010.966353,2302.794322,L4
521,0,222,129,7,Endo,0,3166.387578,2301.763275,L6
522,0,1165,448,7,eL2/3,0,12545.92648,2277.131395,L2/3
523,0,662,338,8,eL6-2,0,3356.399368,2300.641684,L6
524,0,360,208,5,eL6-2,0,3607.285243,2318.858218,L6
526,0,236,125,3,Endo,0,9188.236512,2302.844704,L4
527,0,261,143,11,Astro-2,0,1357.300604,2342.230696,cc
528,0,562,291,9,eL4,0,8217.042637,2311.102144,L4
529,0,520,256,1,eL4,0,9380.862028,2317.153569,L4
530,0,595,299,5,eL4,0,9794.001457,2320.601415,L4
531,0,637,275,1,eL4,0,11382.334,2373.467845,L2/3
533,0,604,282,0,eL6-2,0,4021.15359,2358.057091,L6
534,0,207,107,7,Oligo,0,1433.919922,2363.556545,cc
535,0,508,276,8,eL4,0,10183.90162,2359.51417,L2/3
536,0,390,191,8,Astro-2,0,12979.171,2367.484685,L2/3
537,0,280,141,5,Oligo,0,2676.556677,2385.187655,cc
538,0,1049,440,4,eL5,0,6299.526419,2384.847407,L5
539,0,233,134,1,eL4,0,10913.24751,2382.218522,L2/3
540,0,691,340,2,eL6-2,0,3861.974472,2394.681947,L6
541,0,632,320,2,eL4,0,9879.706017,2402.255124,L4
543,0,795,359,1,eL2/3,0,11910.41163,2418.077576,L2/3
544,0,303,185,6,HPC,0,56.79647508,2397.136956,HPC
546,0,354,164,15,eL2/3,0,12793.88623,2400.143998,L2/3
547,0,483,261,5,eL6-2,0,4897.680806,2403.217499,L6
548,0,394,223,13,eL4,0,9065.103145,2435.425819,L4
549,0,222,111,1,Oligo,0,1519.775072,2442.446327,cc
550,0,268,152,5,Endo,0,12339.97593,2476.581853,L2/3
551,0,517,271,6,eL4,0,8971.452568,2480.758554,L4
552,0,374,173,8,Endo,0,8762.017299,2481.335664,L4
553,0,523,261,5,VIP,0,10775.79796,2477.902323,L2/3
554,0,418,224,4,eL5,0,5875.078689,2468.329309,L5
555,0,402,207,2,eL4,0,9214.418371,2491.567373,L4
556,0,792,331,1,eL4,0,7949.356977,2481.9148,L4
557,0,575,294,8,eL4,0,8375.271878,2507.426026,L4
558,0,398,216,11,eL6-1,0,4675.608399,2501.907358,L6
559,0,400,177,0,Astro-2,0,8619.853754,2505.944156,L4
560,0,337,182,8,Astro-2,0,10357.30265,2515.348144,L2/3
561,0,328,186,2,Endo,0,10908.30012,2515.18375,L2/3
562,0,485,262,2,eL4,0,9323.361405,2518.036211,L4
563,0,202,116,11,Astro-2,0,11593.62642,2542.120059,L2/3
564,0,248,141,0,eL2/3,0,11701.31883,2543.315617,L2/3
565,0,794,373,8,eL6-2,0,6260.788398,2527.967242,L5
566,0,380,209,0,eL6-2,0,3188.882249,2567.109017,L6
567,0,282,144,5,Oligo,0,1894.225019,2578.283265,cc
568,0,706,342,15,eL4,0,7833.776541,2592.445322,L4
569,0,651,313,15,Reln,0,5160.499736,2568.470474,L6
570,0,869,399,2,eL6-2,0,4750.559977,2604.13095,L6
572,0,367,206,10,eL4,0,9406.123972,2577.819253,L4
574,0,586,296,5,eL4,0,9640.303374,2588.301899,L4
575,0,554,278,12,VIP,0,10758.18429,2600.279782,L2/3
576,0,637,306,8,eL2/3,0,12354.71446,2600.379061,L2/3
577,0,321,178,13,eL6-1,0,3543.304808,2602.215424,L6
579,0,648,316,7,eL2/3,0,11423.22778,2617.730719,L2/3
580,0,347,190,2,Astro-2,0,4380.546016,2625.934426,L6
581,0,474,253,6,eL4,0,8859.519299,2609.608929,L4
583,0,552,287,11,eL2/3,0,11070.15712,2634.445308,L2/3
584,0,831,384,2,eL2/3,0,12081.76484,2619.721785,L2/3
587,0,247,130,13,Oligo,0,8246.641002,2650.385605,L4
588,0,657,310,0,eL4,0,8470.13893,2634.552703,L4
590,0,537,269,8,eL6-2,0,6267.937186,2662.712458,L5
591,0,248,146,11,eL5,0,6510.625669,2635.121041,L5
592,0,228,134,6,Astro-2,0,7153.176271,2640.240331,L5
593,0,307,161,0,eL2/3,0,12681.63482,2654.794945,L2/3
594,0,281,161,5,Astro-1,0,8105.333287,2696.45746,L4
595,0,904,371,4,eL5,0,7388.566166,2676.173517,L4
596,0,384,231,2,SST,0,3604.544609,2686.614136,L6
598,0,666,308,1,eL2/3,0,10480.24865,2700.224668,L2/3
599,0,545,296,7,eL2/3,0,12540.94286,2688.598349,L2/3
600,0,481,242,0,eL6-1,0,5183.156845,2704.91577,L6
601,0,451,240,2,eL5,0,5835.864819,2696.002208,L5
602,0,265,141,2,Micro,0,9499.308781,2715.613075,L4
603,0,417,170,0,Oligo,0,1302.519166,2723.030044,cc
604,0,304,179,8,eL2/3,0,9599.846281,2713.125517,L4
605,0,423,193,11,eL2/3,0,12245.15578,2707.899738,L2/3
606,0,462,214,12,Oligo,0,13766.04038,2718.985103,L1
608,0,362,173,1,Astro-2,0,13659.66596,2725.695117,L1
609,0,341,201,3,Endo,0,7883.186998,2720.150614,L4
610,0,584,299,2,eL4,0,9169.415214,2727.002135,L4
611,0,272,155,2,eL2/3,0,12035.2129,2730.176918,L2/3
612,0,569,291,1,eL2/3,0,10107.57192,2753.158816,L4
613,0,506,256,10,eL6-1,0,7146.918527,2762.671524,L5
614,0,767,354,11,eL6-2,0,4501.693934,2749.463001,L6
615,0,292,151,3,Micro,0,13152.81229,2755.952675,L1
616,0,308,159,0,Astro-2,0,8902.434525,2774.296158,L4
617,0,430,238,3,Astro-2,0,11024.43956,2761.817234,L2/3
618,0,241,130,1,Micro,0,4278.245867,2773.7608,L6
619,0,255,130,2,Oligo,0,6125.498392,2756.518527,L5
620,0,639,318,7,eL6-2,0,3308.459789,2755.244857,L6
621,0,451,228,0,eL6-1,0,7457.719665,2762.800417,L4
622,0,718,351,2,eL2/3,0,9888.003609,2774.235115,L4
624,0,820,396,2,eL2/3,0,10876.80291,2805.530424,L2/3
625,0,703,341,10,eL2/3,0,12590.2378,2814.244811,L2/3
626,0,669,319,5,eL4,0,7895.625664,2823.621359,L4
627,0,438,241,8,Endo,0,8243.272921,2836.964487,L4
628,0,211,111,5,Astro-1,0,5898.841771,2819.309582,L5
629,0,333,167,11,Oligo,0,6639.105102,2828.540112,L5
630,0,209,113,8,Oligo,0,2876.790803,2823.883221,cc
631,0,751,383,11,eL2/3,0,11668.68745,2821.165185,L2/3
632,0,232,142,2,Astro-1,0,6494.381793,2835.134236,L5
633,0,291,143,0,Oligo,0,2423.914653,2856.557161,cc
634,0,246,160,4,eL6-1,0,3480.760387,2841.649556,L6
636,0,207,123,1,Oligo,0,6720.130916,2835.816769,L5
637,0,647,308,2,eL4,0,7023.097568,2851.625966,L5
638,0,769,364,11,eL2/3,0,10540.23349,2860.314114,L2/3
639,0,412,230,0,Reln,0,13118.95259,2869.30891,L1
641,0,497,257,8,eL4,0,10007.90707,2862.776946,L4
642,0,682,329,5,eL4,0,11886.48149,2864.191277,L2/3
643,0,658,308,8,eL4,0,9342.740478,2883.394956,L4
645,0,647,299,1,Oligo,0,11330.10406,2889.416554,L2/3
646,0,468,251,1,HPC,0,153.1697842,2884.209353,HPC
647,0,622,307,3,eL4,0,8815.986072,2901.769072,L4
648,0,483,265,2,eL4,0,9542.045269,2895.484959,L4
650,0,310,179,8,eL5,0,3882.583426,2913.063015,L6
651,0,265,135,0,Oligo,0,2398.603376,2948.4212,cc
652,0,413,251,2,eL4,0,8501.546103,2934.131655,L4
653,0,391,197,2,Endo,0,12926.02697,2967.259017,L2/3
654,0,428,193,1,Oligo,0,3129.341525,2963.402725,L6
655,0,663,329,3,eL5,0,788.2033156,2940.752011,HPC
656,0,374,204,11,Micro,0,629.8147022,2968.124262,HPC
657,0,383,203,7,Oligo,0,139.7977276,2972.393315,HPC
658,0,267,127,3,Oligo,0,2617.700548,2972.791706,cc
660,0,256,154,11,Micro,0,9938.92294,2987.083465,L4
661,0,504,272,2,eL4,0,10407.89625,2975.62866,L2/3
662,0,301,164,5,eL6-1,0,4379.092705,2990.079326,L6
663,0,325,170,1,Micro,0,10044.18796,2981.734307,L4
664,0,355,192,0,eL6-2,0,5883.443242,2986.698885,L5
665,0,640,307,0,eL6-2,0,4932.75169,2986.115508,L6
666,0,340,166,11,Endo,0,11722.59235,2967.600984,L2/3
667,0,1061,441,11,eL2/3,0,10839.36055,3006.045529,L2/3
669,0,360,179,13,Oligo,0,2835.458721,3002.106462,cc
670,0,1040,415,2,PVALB,0,11273.08507,2999.802419,L2/3
671,0,416,207,8,eL2/3,0,12515.51334,3001.374874,L2/3
672,0,360,167,13,Oligo,0,1547.149635,3013.925911,cc
673,0,367,187,8,Astro-2,0,1244.64314,3048.445379,cc
674,0,217,134,1,Astro-2,0,13673.5453,3012.435189,L1
676,0,513,271,8,eL6-2,0,3691.825082,3024.478445,L6
677,0,425,213,2,eL4,0,9453.903777,3035.831658,L4
678,0,453,242,0,eL4,0,8243.873991,3026.989014,L4
679,0,239,111,10,Oligo,0,2358.069306,3043.66646,cc
680,0,382,202,5,eL6-2,0,3817.791589,3058.446526,L6
681,0,295,165,2,eL4,0,8978.076134,3061.686982,L4
682,0,255,142,2,PVALB,0,9279.678231,3050.132592,L4
683,0,316,144,2,Oligo,0,10130.15096,3068.433038,L4
684,0,575,294,13,eL2/3,0,12377.32702,3068.518192,L2/3
685,0,358,202,0,eL4,0,8573.483809,3067.279503,L4
686,0,325,170,6,Reln,0,2728.159892,3085.260454,cc
687,0,269,159,8,eL4,0,9121.914787,3070.532382,L4
688,0,761,344,15,eL6-2,0,752.2757795,3086.247947,HPC
689,0,377,192,5,Oligo,0,2569.610201,3095.052126,cc
690,0,769,341,5,PVALB,0,5730.760681,3076.250562,L5
691,0,474,229,2,SST,0,5889.519798,3106.562413,L5
692,0,403,221,1,eL6-1,0,3605.783277,3104.644058,L6
693,0,265,157,8,eL4,0,8421.822259,3087.301004,L4
694,0,343,186,7,Oligo,0,1971.5563,3089.067376,cc
695,0,309,179,4,Micro,0,5281.154065,3111.867838,L5
696,0,478,277,15,eL2/3,0,12520.83092,3119.364126,L2/3
697,0,207,127,0,Micro,0,5162.241008,3109.734608,L5
698,0,434,209,10,Astro-2,0,12843.98582,3102.689538,L2/3
699,0,469,263,0,eL6-2,0,3109.371816,3115.296883,L6
700,0,587,284,0,eL5,0,6561.960854,3126.322111,L5
701,0,305,137,13,SST,0,7830.611671,3152.971415,L4
702,0,252,132,8,Astro-1,0,964.3409373,3156.994676,cc
704,0,299,178,8,eL4,0,8632.113785,3152.707748,L4
705,0,357,187,2,eL2/3,0,10847.15583,3134.113163,L2/3
708,0,234,136,1,Micro,0,10537.95959,3176.67656,L2/3
709,0,280,142,0,Endo,0,4695.361761,3208.645961,L6
710,0,306,149,8,Oligo,0,7599.75808,3194.717226,L4
711,0,229,135,8,Endo,0,13191.12101,3199.390687,L1
713,0,419,251,2,eL6-2,0,3493.991928,3211.808976,L6
714,0,221,116,13,Oligo,0,1957.646923,3218.701813,cc
715,0,253,127,0,Oligo,0,2296.23107,3240.326354,cc
716,0,340,204,8,eL4,0,9433.626521,3237.342963,L4
719,0,434,232,3,eL6-1,0,4851.73779,3222.546926,L6
720,0,546,275,0,eL5,0,3163.12751,3261.271814,L6
722,0,721,354,2,eL4,0,9179.914874,3251.387792,L4
723,0,862,380,5,eL6-2,0,5420.877745,3292.023159,L5
725,0,495,279,10,eL6-2,0,3398.559896,3276.195313,L6
726,0,256,148,6,Endo,0,4023.736671,3294.917972,L6
728,0,434,241,10,eL6-2,0,3834.500067,3289.026277,L6
730,0,591,222,7,Oligo,0,2607.825089,3307.973513,cc
732,0,534,282,2,eL4,0,8987.674426,3300.910896,L4
735,0,369,188,2,Astro-2,0,4817.730286,3353.129096,L6
737,0,314,180,11,eL2/3,0,12381.58483,3345.11007,L2/3
738,0,287,147,10,Oligo,0,2867.611056,3324.503643,cc
739,0,521,251,1,eL4,0,8490.711435,3372.493134,L4
740,0,312,158,8,Micro,0,13336.23015,3368.385928,L1
741,0,251,142,15,Endo,0,3517.274737,3374.082248,L6
742,0,356,187,5,eL4,0,8228.238071,3367.202386,L4
743,0,217,125,10,Oligo,0,2287.453808,3369.2414,cc
744,0,476,285,8,eL6-2,0,3293.569457,3367.380328,L6
745,0,254,155,8,eL4,0,7617.10794,3355.626268,L4
746,0,594,280,1,eL5,0,6150.335023,3418.905993,L5
747,0,802,389,2,eL5,0,6928.143421,3400.297115,L5
748,0,454,218,8,Astro-2,0,1369.396909,3414.776011,cc
749,0,266,155,1,Astro-2,0,7824.126729,3414.199082,L4
750,0,464,207,1,Oligo,0,13568.30246,3446.25915,L1
751,0,361,184,0,Oligo,0,2826.704963,3478.282484,cc
752,0,903,475,3,eL2/3,0,10959.17054,3460.281255,L2/3
753,0,306,191,12,eL4,0,6394.790091,3460.967364,L5
754,0,644,312,6,SST,0,7990.409355,3482.447073,L4
755,0,201,103,0,Oligo,0,2258.627074,3489.197704,cc
757,0,420,216,0,Astro-1,0,7090.425116,3469.077298,L5
758,0,381,208,8,Astro-2,0,3410.134152,3543.61174,L6
761,0,902,401,0,eL4,0,9857.723982,3496.256791,L4
762,0,698,334,5,eL4,0,9392.922945,3495.693496,L4
763,0,399,197,0,Oligo,0,1501.323899,3497.694268,cc
764,0,314,183,4,eL4,0,8820.197089,3515.396501,L4
765,0,558,300,2,eL6-2,0,4729.792426,3524.964147,L6
767,0,594,334,1,eL4,0,8236.942512,3519.266953,L4
768,0,741,384,8,eL2/3,0,12119.74165,3520.7511,L2/3
769,0,287,175,7,Astro-2,0,5463.881488,3538.706864,L5
770,0,273,170,3,Micro,0,6352.536599,3533.610872,L5
771,0,591,292,2,eL4,0,8686.976694,3553.297292,L4
772,0,425,203,5,Astro-1,0,7471.354924,3569.817449,L4
774,0,509,276,4,eL4,0,8911.174744,3555.404067,L4
775,0,290,172,13,eL6-2,0,4185.25332,3567.887342,L6
776,0,279,168,7,Astro-1,0,7130.722304,3569.700834,L5
777,0,407,262,1,eL2/3,0,11851.66993,3558.216117,L2/3
778,0,410,229,8,eL2/3,0,11246.72456,3575.22711,L2/3
779,0,375,216,11,eL2/3,0,12516.29752,3568.843745,L2/3
780,0,321,174,13,Endo,0,5946.968056,3618.711804,L5
781,0,584,314,8,eL6-2,0,3807.418459,3605.964162,L6
782,0,417,205,13,Astro-2,0,1103.228938,3607.852505,cc
784,0,875,388,1,eL4,0,7270.183201,3609.4439,L4
785,0,231,128,1,Endo,0,1601.965296,3611.8315,cc
786,0,747,365,11,eL6-2,0,4482.72179,3657.349825,L6
787,0,894,402,0,PVALB,0,4799.313382,3636.806262,L6
788,0,625,345,3,eL5,0,738.7914232,3633.987455,HPC
789,0,629,318,6,eL4,0,7679.134629,3652.242566,L4
790,0,425,254,3,Micro,0,11784.41926,3671.182052,L2/3
791,0,597,310,2,Astro-2,0,12202.97698,3657.136735,L2/3
792,0,254,143,6,eL5,0,6667.059837,3653.1263,L5
793,0,1189,430,14,Oligo,0,2969.760395,3621.284632,L6
795,0,876,406,1,eL4,0,7952.439248,3664.417752,L4
797,0,548,317,0,eL2/3,0,12375.09034,3671.05266,L2/3
798,0,456,249,0,eL2/3,0,10333.01835,3695.358571,L2/3
799,0,376,213,0,eL5,0,6525.965982,3709.466486,L5
800,0,685,301,5,eL2/3,0,10033.63704,3712.83521,L2/3
801,0,323,181,7,Oligo,0,1651.940743,3723.521471,cc
802,0,489,265,3,eL6-2,0,3609.479379,3714.085778,L6
803,0,430,242,6,eL4,0,5773.305834,3762.986766,L5
804,0,389,223,2,eL2/3,0,8453.771814,3728.040719,L4
805,0,547,283,8,eL6-2,0,3776.40296,3744.232494,L6
806,0,543,282,8,eL4,0,8712.713638,3742.989139,L4
807,0,612,320,8,eL2/3,0,9047.867991,3744.645924,L4
808,0,362,178,2,Astro-2,0,8203.847209,3735.348857,L4
809,0,430,246,1,eL4,0,8582.778913,3762.574696,L4
810,0,331,198,11,Reln,0,5417.186598,3775.660066,L5
811,0,452,239,3,Reln,0,9408.947315,3763.201903,L4
812,0,698,337,5,eL5,0,6032.54697,3774.396988,L5
813,0,403,216,2,eL4,0,9550.15698,3795.349041,L4
814,0,718,358,1,eL5,0,672.3368717,3810.069466,HPC
815,0,446,245,11,eL2/3,0,3902.030204,3796.885822,L6
816,0,1183,463,1,PVALB,0,4230.941938,3809.16905,L6
817,0,496,246,9,Astro-2,0,5895.48472,3791.680519,L5
818,0,553,302,8,eL4,0,9276.418333,3811.685833,L4
819,0,425,174,10,Oligo,0,3048.62499,3808.400903,L6
820,0,287,148,15,Micro,0,6704.930692,3811.354298,L5
821,0,385,209,5,eL2/3,0,12560.93252,3808.828342,L2/3
822,0,671,374,1,eL2/3,0,10333.05026,3816.279203,L2/3
823,0,459,209,11,Oligo,0,1844.427432,3810.702025,cc
824,0,349,165,0,Oligo,0,2236.438418,3841.228693,cc
825,0,288,156,5,Endo,0,108.0154077,3832.48502,HPC
826,0,279,147,5,Astro-2,0,1438.320624,3826.689947,cc
827,0,217,124,5,eL4,0,8879.554696,3829.403181,L4
828,0,235,143,5,eL6-2,0,3578.123488,3838.770496,L6
829,0,364,185,11,Astro-2,0,7448.770509,3819.146733,L4
830,0,931,453,8,eL2/3,0,10576.75195,3822.140579,L2/3
832,0,645,324,11,eL6-1,0,6302.396339,3841.697612,L5
833,0,465,243,0,Endo,0,12992.62084,3845.929662,L1
835,0,317,181,5,Micro,0,2725.083333,3874.883493,L6
836,0,492,269,6,eL6-2,0,3774.118693,3865.109568,L6
837,0,251,158,5,eL6-2,0,4009.71321,3865.105002,L6
838,0,692,370,10,eL2/3,0,10959.01314,3894.057625,L2/3
840,0,1156,485,1,eL2/3,0,9777.324634,3914.921599,L4
841,0,372,200,0,Astro-2,0,12823.94759,3842.263228,L1
842,0,441,195,11,Oligo,0,1749.115809,3885.929344,cc
843,0,283,160,8,eL6-2,0,3282.649567,3904.619699,L6
844,0,265,155,11,Astro-2,0,5861.074998,3897.44338,L5
845,0,423,238,2,eL4,0,7759.277459,3892.388741,L4
846,0,343,184,1,Endo,0,1063.211756,3894.467434,HPC
847,0,788,411,1,eL2/3,0,11682.88409,3914.266658,L2/3
848,0,356,188,5,Astro-2,0,6156.493931,3933.71358,L5
850,0,211,123,14,eL5,0,7133.851343,3923.460747,L5
851,0,605,291,3,Endo,0,13123.78823,3866.355258,L1
852,0,557,263,9,Reln,0,5178.465414,3925.994064,L5
853,0,616,294,3,PVALB,0,7322.985409,3939.730184,L4
854,0,662,320,2,Reln,0,8919.350394,3961.097332,L4
855,0,225,144,3,eL6-2,0,3863.665487,3937.316738,L6
856,0,622,302,1,eL4,0,8513.791838,3981.253359,L4
857,0,356,201,10,Endo,0,12887.39808,3975.558913,L1
858,0,229,122,5,Astro-1,0,782.4121626,3939.209302,HPC
859,0,703,334,9,eL6-1,0,12078.41095,3982.058951,L2/3
860,0,700,344,5,eL4,0,7935.386519,3958.63811,L4
861,0,320,166,8,eL4,0,9099.131546,3967.934321,L4
863,0,203,130,2,eL6-2,0,3750.048137,3970.447491,L6
864,0,332,167,5,Astro-2,0,1034.226384,3998.237649,HPC
865,0,835,392,5,Oligo,0,4769.42744,3992.342338,L6
866,0,648,325,8,eL4,0,9235.258141,3998.992143,L4
867,0,453,243,5,eL6-2,0,3456.81554,3988.73538,L6
868,0,218,139,3,eL2/3,0,12491.70865,4008.238636,L2/3
869,0,634,330,10,eL2/3,0,10157.43979,4012.130249,L2/3
870,0,378,205,6,VIP,0,10538.73879,4038.884352,L2/3
871,0,277,145,1,Oligo,0,748.4462719,4043.66686,HPC
872,0,956,399,6,Reln,0,5588.019769,4023.03061,L5
873,0,919,442,0,eL2/3,0,11490.64479,4026.507804,L2/3
874,0,276,132,8,Oligo,0,1772.644381,4035.454186,cc
875,0,471,239,1,eL4,0,8191.03877,4025.356562,L4
876,0,541,278,0,Micro,0,11777.84634,4081.345457,L2/3
877,0,519,261,5,Micro,0,271.628762,4060.636914,HPC
878,0,603,309,2,eL6-2,0,3342.285057,4059.946276,L6
879,0,706,353,8,eL6-1,0,5852.13855,4056.02815,L5
880,0,754,350,1,PVALB,0,7719.532058,4061.326034,L4
881,0,483,237,2,eL5,0,6884.285561,4043.07874,L5
882,0,498,252,8,eL4,0,9016.514427,4071.174286,L4
883,0,382,215,7,VIP,0,10429.48807,4068.428283,L2/3
884,0,290,144,2,Oligo,0,1366.691427,4064.546274,cc
886,0,871,454,8,eL2/3,0,10954.61297,4066.948556,L2/3
887,0,419,225,1,eL4,0,8054.225614,4090.966643,L4
888,0,458,230,5,HPC,0,520.0736071,4119.050015,HPC
889,0,786,357,11,eL4,0,8786.693621,4055.975525,L4
890,0,673,304,4,Oligo,0,7196.321908,4122.946661,L5
891,0,356,203,2,eL4,0,8234.372738,4125.408719,L4
892,0,600,332,2,eL2/3,0,11660.28853,4105.897793,L2/3
893,0,231,106,5,Oligo,0,2319.614682,4116.463077,cc
894,0,268,162,7,Endo,0,8336.307029,4104.684523,L4
895,0,252,136,1,Endo,0,9305.391759,4114.559399,L4
897,0,362,194,5,Oligo,0,3783.482253,4135.830634,L6
898,0,1042,364,13,SST,0,5578.88008,4178.390568,L5
899,0,254,135,9,Endo,0,12762.89105,4156.292058,L2/3
900,0,306,138,1,Oligo,0,1439.416896,4167.933231,cc
901,0,364,168,0,Astro-2,0,1985.521717,4168.474,cc
902,0,865,396,2,eL6-1,0,2951.094661,4220.889064,L6
903,0,442,214,0,Oligo,0,7337.274407,4179.941776,L4
904,0,421,228,1,eL6-2,0,4685.492398,4187.108967,L6
905,0,507,266,15,eL6-2,0,3669.961091,4214.540659,L6
906,0,490,277,0,eL6-2,0,4449.727996,4209.015422,L6
907,0,241,139,8,eL5,0,6790.297631,4214.6635,L5
908,0,338,231,8,eL2/3,0,11957.34489,4245.794391,L2/3
909,0,306,179,5,Astro-2,0,10013.786,4243.505356,L2/3
910,0,387,222,1,eL6-1,0,7844.891001,4251.748892,L4
911,0,318,187,2,eL4,0,8104.474935,4266.155013,L4
912,0,315,210,8,eL2/3,0,10382.00836,4228.647506,L2/3
913,0,234,108,11,Oligo,0,1356.266999,4256.028791,cc
914,0,365,204,2,Oligo,0,5847.958099,4281.23314,L5
915,0,462,196,1,Oligo,0,5332.543066,4260.01607,L5
916,0,674,407,3,eL2/3,0,12070.10283,4271.171404,L2/3
917,0,482,251,0,eL4,0,9367.796592,4242.780461,L4
918,0,511,290,11,eL2/3,0,10767.54698,4272.920073,L2/3
921,0,491,307,7,eL2/3,0,11290.03509,4284.933691,L2/3
922,0,419,225,8,Reln,0,5750.941156,4303.824215,L5
923,0,223,161,8,eL5,0,10252.27598,4289.637516,L2/3
924,0,442,219,2,eL4,0,7737.191931,4299.386972,L4
925,0,327,206,9,eL2/3,0,8943.660747,4304.834861,L4
926,0,355,175,0,Micro,0,12646.78718,4309.792703,L2/3
927,0,750,375,5,PVALB,0,6303.050603,4309.255987,L5
928,0,359,219,2,eL4,0,9083.162116,4314.891491,L4
930,0,612,318,11,eL5,0,6712.63666,4330.937317,L5
931,0,237,121,8,Oligo,0,1948.369929,4352.741416,cc
932,0,488,231,11,Astro-2,0,10098.50818,4373.875122,L2/3
933,0,255,153,9,eL4,0,8753.996938,4325.895948,L4
934,0,330,159,8,Oligo,0,2537.575518,4336.26566,L6
935,0,261,177,5,eL2/3,0,10545.86142,4326.389863,L2/3
936,0,683,348,11,HPC,0,505.1563925,4349.022069,HPC
937,0,406,263,0,eL2/3,0,11370.78375,4339.963224,L2/3
938,0,534,243,2,SST,0,9717.470658,4324.272182,L2/3
939,0,471,246,1,eL2/3,0,9939.48537,4341.076058,L2/3
940,0,339,155,5,Oligo,0,3660.994,4358.552076,L6
941,0,906,365,0,Astro-1,0,6479.992011,4357.088459,L5
942,0,349,192,9,Reln,0,7993.258298,4362.059554,L4
943,0,497,248,8,eL6-1,0,5090.320231,4366.631366,L5
944,0,543,271,5,eL6-2,0,5594.584489,4379.427704,L5
945,0,654,325,2,eL4,0,9282.318675,4384.267124,L4
946,0,361,202,13,Reln,0,13005.22422,4365.377463,L1
947,0,737,392,2,eL2/3,0,11466.86831,4387.958868,L2/3
948,0,792,354,0,eL6-2,0,4026.926391,4400.282842,L6
949,0,546,283,8,eL2/3,0,12262.63683,4374.919696,L2/3
950,0,472,242,7,VIP,0,11857.50862,4379.162456,L2/3
951,0,570,295,8,eL6-2,0,3128.709638,4388.197638,L6
952,0,788,398,4,eL2/3,0,10907.85657,4409.327734,L2/3
953,0,337,174,0,Astro-2,0,4428.767044,4436.620332,L6
954,0,244,118,8,Oligo,0,5348.317915,4438.997714,L5
955,0,457,220,2,Astro-2,0,5698.067746,4435.666116,L5
956,0,445,234,1,eL5,0,8476.764994,4457.631163,L4
957,0,383,162,1,Oligo,0,1048.8455,4449.125868,HPC
958,0,544,260,1,eL4,0,8161.660191,4444.022699,L4
959,0,201,120,3,eL4,0,8604.725312,4446.922116,L4
960,0,423,227,10,eL4,0,7998.739683,4458.298256,L4
961,0,311,189,7,eL6-1,0,9095.532619,4441.630531,L4
962,0,296,175,5,eL4,0,4914.179944,4457.843414,L6
963,0,336,188,0,eL4,0,9745.209134,4459.440287,L2/3
965,0,731,376,8,eL2/3,0,10372.13197,4461.246797,L2/3
967,0,383,194,1,Oligo,0,2850.963281,4462.509912,L6
968,0,979,404,10,Astro-1,0,7353.469873,4484.15194,L4
969,0,308,168,10,eL6-2,0,3300.397051,4502.871599,L6
970,0,760,334,5,eL6-2,0,5954.833001,4494.795173,L5
971,0,510,265,8,Astro-2,0,12773.07548,4496.903962,L1
972,0,961,414,14,eL4,0,7217.102049,4512.548663,L4
973,0,376,207,1,Astro-2,0,11523.03046,4523.45853,L2/3
974,0,329,162,0,Astro-2,0,1761.801257,4522.620332,cc
975,0,582,275,9,PVALB,0,6377.528024,4532.38831,L5
976,0,263,144,6,Oligo,0,2160.076777,4533.918141,cc
977,0,604,304,0,eL6-2,0,4667.585571,4535.211528,L6
978,0,217,111,8,Astro-2,0,1527.942831,4568.551407,cc
979,0,220,137,11,eL5,0,3020.769765,4585.12125,L6
980,0,628,293,4,eL6-2,0,2673.164092,4595.941678,L6
981,0,298,159,2,Astro-2,0,8958.317873,4606.870877,L4
982,0,364,220,12,eL2/3,0,12504.3072,4606.074753,L2/3
983,0,332,173,5,Astro-2,0,875.4499161,4599.630461,HPC
984,0,510,265,2,eL4,0,8133.257246,4604.29225,L4
985,0,207,110,9,Astro-2,0,1030.086808,4611.247096,HPC
986,0,354,197,0,eL4,0,7737.279278,4601.050046,L4
987,0,303,170,1,Endo,0,12274.83279,4608.401142,L2/3
988,0,358,210,9,eL6-2,0,3712.863922,4610.232475,L6
989,0,325,198,11,PVALB,0,6594.734809,4615.532012,L5
990,0,326,176,0,Astro-2,0,789.2481446,4603.150636,HPC
991,0,290,154,11,Endo,0,5386.766296,4617.030554,L5
992,0,669,341,3,eL2/3,0,9737.277294,4635.883442,L2/3
993,0,632,308,7,eL6-2,0,4308.290651,4639.493375,L6
994,0,267,147,3,Micro,0,9161.504535,4620.636368,L4
995,0,637,301,1,PVALB,0,6711.153801,4613.825096,L5
996,0,588,274,7,eL4,0,10022.46812,4595.155886,L2/3
998,0,391,209,2,eL6-2,0,3258.622659,4655.707882,L6
999,0,320,183,1,eL5,0,4690.949621,4651.410669,L6
1000,0,376,187,0,Oligo,0,1400.286577,4631.991017,cc
1001,0,413,195,5,eL6-1,0,10503.71728,4660.15579,L2/3
1002,0,788,407,7,eL2/3,0,11439.90426,4660.364142,L2/3
1003,0,948,395,0,eL6-2,0,4090.799375,4671.376105,L6
1004,0,674,308,5,Astro-1,0,7869.89598,4685.837283,L4
1005,0,204,129,11,eL6-2,0,3735.951705,4693.144086,L6
1006,0,286,157,5,eL4,0,9277.507732,4693.204447,L4
1007,0,448,221,14,Micro,0,463.1961611,4696.77243,HPC
1008,0,419,227,2,eL6-1,0,10673.24841,4714.933306,L2/3
1009,0,266,147,2,eL4,0,8658.989516,4699.540573,L4
1010,0,536,294,0,eL4,0,8795.684211,4709.182235,L4
1011,0,772,347,5,eL6-2,0,2944.235429,4720.446926,L6
1012,0,281,145,1,eL4,0,8071.622312,4716.891453,L4
1013,0,371,205,11,eL2/3,0,11142.13082,4749.690812,L2/3
1014,0,436,243,2,Reln,0,13656.69964,4746.997492,L1
1015,0,648,313,5,Astro-2,0,11393.03633,4761.438815,L2/3
1017,0,460,218,10,Astro-2,0,6947.481365,4727.70733,L5
1018,0,277,148,11,Reln,0,12685.37486,4757.397723,L2/3
1019,0,235,152,2,Micro,0,6671.797571,4759.836091,L5
1020,0,585,287,11,eL2/3,0,12162.60076,4753.718498,L2/3
1021,0,317,172,1,Oligo,0,1455.58651,4786.724832,cc
1022,0,562,292,1,PVALB,0,10793.01803,4802.818491,L2/3
1023,0,731,345,8,eL6-2,0,3258.451582,4807.018061,L6
1024,0,586,276,4,eL2/3,0,9756.848209,4809.139538,L2/3
1025,0,456,252,7,eL4,0,9081.348613,4802.743026,L4
1026,0,282,146,0,Oligo,0,5880.686285,4829.817897,L5
1027,0,502,280,8,PVALB,0,10929.02494,4845.151262,L2/3
1028,0,819,401,2,eL6-1,0,6842.852587,4838.293791,L5
1029,0,283,172,8,Oligo,0,5687.235389,4832.35107,L5
1030,0,815,355,5,eL4,0,7069.765558,4845.148515,L5
1031,0,1252,495,11,Astro-1,0,6167.756344,4819.371919,L5
1032,0,430,219,0,eL4,0,8765.659682,4834.117671,L4
1033,0,642,283,11,eL4,0,9276.601283,4849.864908,L4
1034,0,251,137,2,Oligo,0,10248.47481,4837.002185,L2/3
1035,0,509,258,1,eL6-2,0,4249.138526,4834.26838,L6
1036,0,383,223,11,eL2/3,0,11957.45939,4864.747591,L2/3
1037,0,333,199,10,eL2/3,0,10609.80859,4861.93247,L2/3
1038,0,337,183,5,Micro,0,12114.74794,4864.03364,L2/3
1039,0,387,190,5,Astro-2,0,1023.31014,4854.666838,HPC
1040,0,421,190,0,Oligo,0,3046.811097,4844.692547,L6
1041,0,441,248,1,eL4,0,7865.059959,4867.803467,L4
1042,0,293,158,2,Oligo,0,8394.983725,4872.101129,L4
1043,0,232,129,10,Endo,0,10119.84291,4870.221032,L2/3
1044,0,288,130,2,SST,0,842.5700968,4893.062303,HPC
1045,0,381,197,14,eL4,0,9393.687806,4903.030657,L4
1046,0,374,183,5,eL6-1,0,4584.756619,4904.720601,L6
1047,0,493,235,9,eL4,0,8583.070188,4887.521195,L4
1048,0,704,352,0,eL2/3,0,9172.86116,4935.006354,L4
1049,0,781,394,5,eL2/3,0,9650.695279,4921.405576,L2/3
1050,0,474,249,8,Astro-2,0,4041.876326,4901.124512,L6
1051,0,542,298,2,eL5,0,5699.339796,4934.11633,L5
1052,0,435,245,1,eL4,0,8195.403889,4927.949964,L4
1053,0,766,352,1,eL6-2,0,3535.82452,4894.466825,L6
1054,0,231,161,8,eL6-2,0,13126.98298,4913.066552,L1
1055,0,500,251,1,eL6-2,0,4356.126633,4942.568804,L6
1056,0,238,140,2,Astro-2,0,677.3316228,4945.222692,HPC
1057,0,704,334,1,SST,0,11435.86055,4935.042816,L2/3
1058,0,888,418,2,eL6-1,0,6305.091072,4947.554446,L5
1059,0,225,116,1,Micro,0,5356.608803,4949.992482,L5
1061,0,419,231,0,PVALB,0,213.6043514,4960.114175,HPC
1062,0,740,393,10,eL6-2,0,2768.651476,4948.617266,L6
1063,0,203,130,2,Astro-2,0,12374.41464,4997.381725,L2/3
1064,0,301,183,0,eL2/3,0,10335.23159,4980.541901,L2/3
1065,0,541,280,8,eL6-1,0,10894.33928,4983.923325,L2/3
1066,0,246,130,5,Astro-1,0,1207.147072,4989.700715,cc
1067,0,458,240,5,eL6-1,0,5059.993477,4995.468282,L5
1068,0,402,149,13,Oligo,0,1619.644713,5004.534876,cc
1069,0,280,164,2,Endo,0,5871.027391,4999.140835,L5
1070,0,502,311,5,eL2/3,0,11721.76532,5009.525703,L2/3
1071,0,387,170,2,Oligo,0,2333.329644,5022.111152,cc
1072,0,456,249,1,eL6-2,0,4758.513979,5013.326883,L6
1073,0,512,259,5,SST,0,8392.493327,5039.310847,L4
1074,0,419,234,3,eL6-1,0,4546.445977,5051.36839,L6
1075,0,291,161,4,eL5,0,7628.100344,5065.34679,L4
1076,0,683,331,4,eL6-2,0,3732.993006,5057.86275,L6
1078,0,1063,407,5,Oligo,0,6323.003486,5099.724596,L5
1079,0,260,134,4,Endo,0,8125.53949,5116.642902,L4
1080,0,240,149,9,Endo,0,11455.95061,5065.297459,L2/3
1083,0,675,329,2,Astro-1,0,5099.358392,5128.501909,L5
1084,0,286,154,1,Astro-2,0,8956.435847,5116.178313,L4
1086,0,1058,435,1,eL2/3,0,9585.862366,5115.956167,L2/3
1087,0,406,171,2,Oligo,0,1640.18271,5144.729481,cc
1089,0,781,368,1,eL6-2,0,3971.618438,5120.008521,L6
1090,0,750,375,4,eL2/3,0,12029.27663,5111.778308,L2/3
1091,0,539,291,10,SST,0,5963.200513,5139.95463,L5
1092,0,1184,466,8,Astro-1,0,7139.688811,5151.383275,L4
1093,0,418,231,11,eL6-1,0,4724.305121,5164.537198,L6
1094,0,436,213,5,Oligo,0,8335.73856,5158.91443,L4
1095,0,455,228,3,eL6-1,0,4308.793918,5153.41345,L6
1096,0,267,116,2,Oligo,0,2199.362811,5191.572043,cc
1097,0,455,244,5,eL6-2,0,4145.083322,5178.386778,L6
1098,0,833,377,2,eL5,0,7461.343878,5179.970385,L4
1099,0,421,229,1,eL4,0,8010.726624,5189.958615,L4
1100,0,762,378,10,eL2/3,0,11876.14516,5195.253217,L2/3
1101,0,649,366,1,eL2/3,0,10177.06357,5221.91262,L2/3
1102,0,578,291,3,eL6-2,0,3092.626318,5230.781287,L6
1103,0,369,207,2,eL6-2,0,3217.152181,5214.259373,L6
1104,0,458,257,9,eL2/3,0,11720.69037,5214.526041,L2/3
1105,0,387,215,2,Micro,0,6841.927597,5218.465397,L5
1106,0,435,244,11,eL4,0,12031.64315,5240.458956,L2/3
1107,0,582,306,3,eL6-2,0,4275.467182,5251.468076,L6
1108,0,464,225,2,eL6-1,0,5682.662515,5220.318316,L5
1109,0,266,150,8,Astro-2,0,11304.75362,5245.656002,L2/3
1110,0,348,206,5,Micro,0,5943.833992,5245.847477,L5
1112,0,259,163,13,Endo,0,2704.089767,5263.918398,L6
1113,0,614,323,3,eL2/3,0,10530.67618,5228.978127,L2/3
1114,0,401,198,8,eL4,0,8413.2022,5256.586163,L4
1115,0,319,185,8,eL6-2,0,4893.315023,5254.890722,L6
1116,0,992,411,1,eL6-1,0,9597.72913,5262.33314,L2/3
1117,0,901,390,2,eL2/3,0,9870.7576,5254.658769,L2/3
1118,0,584,286,9,eL6-2,0,3425.731388,5267.689221,L6
1119,0,479,259,1,eL4,0,7917.066073,5279.242485,L4
1120,0,377,162,10,Oligo,0,2121.305519,5265.150813,cc
1121,0,472,247,1,eL6-1,0,4055.87745,5293.611448,L6
1122,0,447,210,5,Astro-2,0,8082.411744,5290.478839,L4
1123,0,716,304,1,Reln,0,804.0709485,5294.890851,HPC
1124,0,997,368,11,Astro-2,0,13793.77897,5269.990542,L1
1125,0,418,195,8,Oligo,0,1120.089232,5312.119981,cc
1127,0,689,343,5,eL2/3,0,10297.42449,5293.987824,L2/3
1128,0,312,184,2,Astro-2,0,8154.213289,5333.981374,L4
1129,0,883,375,8,eL4,0,9093.85426,5332.888311,L2/3
1131,0,803,367,5,eL5,0,444.9808431,5297.057501,HPC
1132,0,369,198,3,PVALB,0,5550.5369,5340.317832,L5
1133,0,332,197,2,eL2/3,0,4877.651652,5345.22861,L5
1134,0,319,171,1,eL5,0,5060.38164,5358.771653,L5
1135,0,499,206,5,Oligo,0,1614.133689,5340.904041,cc
1136,0,614,296,11,eL4,0,8600.627329,5351.967523,L4
1137,0,603,284,4,eL6-1,0,3728.360371,5373.589717,L6
1139,0,550,275,9,eL2/3,0,11593.85996,5375.847468,L2/3
1141,0,362,197,3,eL4,0,7877.095031,5391.007274,L4
1142,0,356,198,8,eL2/3,0,11238.42107,5392.225418,L2/3
1144,0,294,180,0,eL4,0,8315.636265,5375.577906,L4
1145,0,465,233,1,eL4,0,9511.050434,5386.732087,L4
1146,0,397,211,8,eL6-2,0,3148.153815,5390.848063,L6
1147,0,490,274,12,eL5,0,6459.446216,5421.067623,L5
1148,0,561,279,8,Astro-2,0,10049.1893,5438.163344,L2/3
1149,0,646,337,2,eL2/3,0,9283.805459,5408.233886,L2/3
1151,0,716,344,2,eL6-2,0,3564.296697,5417.760306,L6
1152,0,606,300,5,eL4,0,8145.936414,5431.765135,L4
1153,0,273,148,2,Astro-2,0,6831.566087,5442.322323,L5
1154,0,598,278,5,SST,0,747.5497278,5438.391778,HPC
1155,0,570,313,3,eL2/3,0,11000.71659,5455.111365,L2/3
1156,0,572,312,2,eL2/3,0,11814.21365,5446.952894,L2/3
1157,0,385,193,5,Astro-2,0,1299.053538,5447.838946,cc
1158,0,529,283,2,eL6-2,0,3324.231055,5469.60343,L6
1159,0,609,284,1,eL4,0,7145.499203,5473.074516,L4
1161,0,844,380,11,Reln,0,905.7540484,5478.052195,HPC
1162,0,755,351,1,eL4,0,7682.922459,5474.165912,L4
1163,0,436,230,2,eL4,0,9543.265104,5484.224128,L4
1164,0,614,292,2,eL5,0,6031.044146,5481.628112,L5
1165,0,580,287,8,eL4,0,8603.584569,5489.35122,L4
1167,0,341,176,5,Astro-2,0,9179.735103,5478.307697,L2/3
1168,0,327,149,0,Oligo,0,1933.584387,5499.658727,cc
1169,0,451,228,5,eL4,0,8738.365443,5494.411103,L4
1171,0,329,181,13,eL6-1,0,10718.0306,5500.080294,L2/3
1173,0,715,351,4,eL6-2,0,2701.344576,5519.122238,L6
1174,0,475,226,8,Reln,0,7291.186135,5519.571355,L4
1176,0,461,226,2,Astro-2,0,9411.3714,5513.372514,L4
1177,0,465,225,2,Astro-2,0,2592.866809,5536.651276,L6
1178,0,538,215,12,Oligo,0,1587.491857,5539.823523,cc
1180,0,286,169,4,eL6-2,0,3459.556997,5574.667003,L6
1181,0,381,195,8,eL4,0,8510.198336,5579.547454,L4
1182,0,381,214,14,Astro-2,0,9683.665043,5574.620203,L2/3
1183,0,350,203,14,eL6-1,0,4777.129034,5589.928128,L6
1184,0,250,133,4,Oligo,0,298.6749825,5625.013032,HPC
1185,0,444,234,1,eL5,0,6192.011547,5576.930847,L5
1186,0,341,198,2,PVALB,0,9559.260785,5614.156341,L2/3
1187,0,841,458,1,eL2/3,0,11300.84534,5614.324487,L2/3
1188,0,784,356,14,eL6-2,0,3688.904463,5604.143161,L6
1189,0,309,166,8,eL2/3,0,8697.967531,5607.877322,L4
1190,0,280,163,11,eL6-1,0,12057.90221,5590.103643,L2/3
1191,0,273,158,10,eL6-1,0,3955.135167,5622.570699,L6
1192,0,656,345,5,eL2/3,0,10629.77933,5632.873071,L2/3
1193,0,528,213,4,Smc,0,13802.69573,5619.669011,L1
1194,0,252,106,3,Oligo,0,1960.838603,5634.072206,cc
1195,0,515,299,3,eL2/3,0,10352.19604,5638.210142,L2/3
1197,0,240,135,9,Astro-1,0,3234.826117,5639.844202,L6
1199,0,827,406,14,eL2/3,0,9963.441994,5643.975795,L2/3
1200,0,1036,443,1,Astro-1,0,5017.594553,5604.583475,L5
1201,0,255,154,2,eL6-2,0,11637.49915,5657.500753,L2/3
1202,0,409,246,8,eL4,0,10205.45987,5665.055167,L2/3
1203,0,257,119,10,Oligo,0,2165.139393,5702.730308,cc
1204,0,438,246,1,eL2/3,0,10093.02801,5700.659026,L2/3
1205,0,388,205,8,eL6-2,0,9259.977207,5699.384231,L4
1206,0,474,298,11,eL2/3,0,9005.417953,5708.065132,L4
1207,0,296,168,5,eL6-1,0,4352.665683,5707.53994,L6
1209,0,560,287,1,eL4,0,7465.713954,5717.676757,L4
1211,0,382,220,4,Reln,0,656.0813779,5735.392638,cc
1212,0,734,374,5,eL2/3,0,9855.723322,5735.016891,L2/3
1213,0,517,246,1,eL4,0,8515.455211,5723.233265,L4
1214,0,257,165,3,eL4,0,8260.456108,5736.308615,L4
1215,0,531,300,8,eL2/3,0,12246.16993,5748.320791,L2/3
1216,0,520,295,4,Reln,0,10863.32751,5764.087986,L2/3
1217,0,329,194,3,Micro,0,831.4332619,5788.600375,cc
1218,0,287,152,8,Astro-1,0,1346.553745,5776.786672,cc
1219,0,692,337,9,eL2/3,0,9139.473332,5760.661379,L4
1220,0,727,355,10,eL6-1,0,4914.397938,5773.65622,L5
1221,0,728,370,10,eL2/3,0,11656.61607,5789.804401,L2/3
1222,0,751,397,14,eL2/3,0,12113.17395,5783.996227,L2/3
1223,0,568,296,5,eL4,0,8639.328248,5780.988375,L4
1224,0,266,130,9,Oligo,0,1779.783404,5791.636795,cc
1226,0,440,241,4,eL4,0,6243.206118,5790.509256,L5
1227,0,230,106,10,Oligo,0,1965.506913,5782.007846,cc
1228,0,308,180,4,eL5,0,4747.846313,5796.732441,L6
1229,0,456,231,10,Oligo,0,7799.224487,5792.33626,L4
1230,0,330,174,10,Astro-1,0,5929.976057,5830.415473,L5
1231,0,302,181,4,eL2/3,0,11223.38649,5809.536438,L2/3
1232,0,552,302,9,Micro,0,11341.05743,5799.412784,L2/3
1233,0,349,155,8,Oligo,0,2459.188762,5795.196441,cc
1234,0,584,283,4,PVALB,0,6584.1257,5804.807656,L5
1235,0,442,245,11,Micro,0,242.4266215,5865.237064,cc
1236,0,299,171,5,eL6-1,0,3686.609711,5813.298357,L6
1237,0,251,143,3,Endo,0,8047.409523,5787.34201,L4
1238,0,208,99,2,Oligo,0,1207.886701,5801.058912,cc
1239,0,902,388,1,PVALB,0,3540.793529,5818.417217,L6
1240,0,390,205,9,eL6-2,0,4461.304863,5813.480462,L6
1241,0,434,190,10,Smc,0,13711.94081,5804.279013,L1
1242,0,650,301,4,eL6-1,0,5278.455911,5862.599713,L5
1243,0,486,233,10,eL5,0,5634.78506,5855.74811,L5
1244,0,288,181,2,Micro,0,12376.26221,5848.988549,L2/3
1245,0,721,339,4,eL2/3,0,9818.203315,5853.133187,L2/3
1246,0,552,286,9,eL6-2,0,3352.370097,5875.663237,L6
1247,0,324,180,15,eL5,0,3820.329176,5872.275273,L6
1250,0,216,128,15,eL6-1,0,9341.546272,5889.062468,L4
1251,0,386,190,11,Smc,0,13697.79558,5906.86266,L1
1252,0,391,188,11,Endo,0,8589.662454,5910.105486,L4
1253,0,337,154,5,Oligo,0,2174.812102,5900.265752,cc
1254,0,330,163,4,PVALB,0,6607.550465,5918.408095,L5
1255,0,365,223,11,Astro-2,0,11741.89586,5903.16122,L2/3
1256,0,298,137,10,Oligo,0,1948.176853,5946.402677,cc
1257,0,362,202,8,Smc,0,13509.94257,5927.290105,L1
1258,0,447,219,5,eL6-2,0,3958.880473,5923.481336,L6
1259,0,453,236,3,eL6-2,0,4262.054931,5935.269893,L6
1260,0,436,233,13,eL5,0,5491.268404,5948.412319,L5
1261,0,611,335,10,eL2/3,0,10318.90297,5931.605902,L2/3
1262,0,395,218,10,Astro-2,0,728.0904092,5942.469459,cc
1263,0,795,347,10,eL4,0,7866.524504,5960.937032,L4
1264,0,867,348,1,eL2/3,0,9968.631235,5946.014086,L2/3
1265,0,384,170,3,Oligo,0,1587.036926,5943.947724,cc
1266,0,538,274,10,eL2/3,0,10509.73285,5955.744063,L2/3
1267,0,232,135,10,Endo,0,13026.75686,5966.527378,L1
1268,0,798,398,2,eL2/3,0,11344.63465,5970.762133,L2/3
1269,0,202,116,10,eL4,0,3756.848872,5980.941196,L6
1270,0,699,337,1,eL6-2,0,2757.143534,5939.024742,L6
1271,0,535,264,5,Astro-2,0,11623.46499,5977.463688,L2/3
1272,0,409,218,10,Astro-2,0,10784.39118,6007.749327,L2/3
1273,0,621,301,2,eL4,0,8401.201052,5991.895363,L4
1274,0,920,377,5,eL2/3,0,9088.74238,6026.205677,L4
1275,0,729,395,1,eL2/3,0,11074.60112,6013.705018,L2/3
1276,0,639,337,1,eL2/3,0,12101.78674,6002.505306,L2/3
1277,0,465,205,4,Oligo,0,1700.514535,6002.721215,cc
1278,0,783,335,10,eL6-2,0,3038.962275,5991.748568,L6
1279,0,665,329,3,eL4,0,8872.474363,6012.21171,L4
1280,0,497,228,5,Smc,0,13714.64021,6003.00884,L1
1281,0,335,172,2,Astro-2,0,510.352247,6014.825196,cc
1282,0,327,169,11,eL6-2,0,4090.08867,5992.087035,L6
1283,0,410,209,5,eL4,0,7603.242515,6005.138279,L4
1284,0,398,203,5,Endo,0,12332.66749,6011.356078,L2/3
1285,0,358,183,11,Astro-2,0,13489.00709,6025.105065,L1
1286,0,326,179,4,Astro-2,0,13601.93034,6029.965509,L1
1287,0,256,148,14,eL5,0,4808.104826,6039.165089,L6
1288,0,399,199,15,eL6-2,0,4197.609385,6029.340662,L6
1289,0,511,244,1,eL6-2,0,2928.35333,6017.85333,L6
1290,0,485,227,11,SST,0,8600.73071,6060.772002,L4
1291,0,389,209,10,Micro,0,2611.79828,6074.539931,L6
1292,0,607,307,1,eL4,0,9331.849741,6078.611252,L4
1293,0,273,158,10,eL6-1,0,3797.379074,6078.584061,L6
1294,0,507,237,1,eL2/3,0,9747.09481,6058.615779,L2/3
1296,0,450,244,10,eL6-2,0,3456.322411,6105.014213,L6
1298,0,457,258,10,eL6-2,0,4038.808168,6116.883833,L6
1299,0,292,167,7,eL4,0,9219.449418,6119.052188,L4
1300,0,406,192,1,Endo,0,12775.48416,6113.203128,L1
1301,0,352,174,8,Smc,0,13723.24145,6113.418872,L1
1302,0,307,158,4,Oligo,0,2415.870106,6132.389827,cc
1303,0,607,280,4,Astro-2,0,6421.831022,6084.851914,L5
1304,0,708,296,4,eL4,0,7309.338465,6144.782302,L4
1305,0,560,306,11,eL2/3,0,12071.52153,6142.376185,L2/3
1306,0,496,202,10,Oligo,0,1650.617265,6145.610092,cc
1307,0,605,305,5,eL5,0,5566.115426,6146.112079,L5
1308,0,686,308,10,eL6-2,0,3142.265354,6162.60655,L6
1309,0,676,328,3,eL5,0,6147.652068,6169.18115,L5
1310,0,312,170,4,Astro-2,0,12473.65973,6179.267975,L2/3
1311,0,453,236,10,eL6-2,0,3917.342684,6173.243797,L6
1313,0,302,172,8,Astro-2,0,5806.159338,6190.726849,L5
1315,0,304,146,3,Smc,0,13746.18961,6188.828912,L1
1316,0,344,176,8,eL6-1,0,2967.646447,6199.95206,L6
1317,0,888,408,8,PVALB,0,3630.073964,6201.601351,L6
1318,0,346,161,5,Oligo,0,1812.14113,6159.401199,cc
1319,0,379,178,11,Oligo,0,2132.390265,6168.302551,cc
1320,0,372,197,4,eL2/3,0,9995.779349,6184.006503,L2/3
1321,0,477,213,1,Oligo,0,655.3741228,6193.480007,cc
1322,0,276,140,5,Oligo,0,1537.412578,6210.292264,cc
1323,0,215,121,8,eL4,0,7880.187838,6218.5066,L4
1324,0,377,221,10,Astro-2,0,5908.531053,6193.965796,L5
1325,0,455,243,8,eL4,0,8226.188049,6225.021748,L4
1326,0,712,367,12,eL6-1,0,10414.00838,6227.12569,L2/3
1328,0,956,389,7,Reln,0,4658.963597,6195.408859,L6
1329,0,515,288,5,eL6-2,0,4243.329068,6237.123039,L6
1330,0,782,345,9,Reln,0,6662.451994,6257.734131,L5
1331,0,515,294,5,eL2/3,0,11194.21909,6273.643807,L2/3
1332,0,256,130,10,Oligo,0,1282.916713,6257.342726,cc
1333,0,491,271,10,eL4,0,8347.204758,6261.082693,L4
1334,0,450,266,8,eL2/3,0,12016.09903,6287.276753,L2/3
1335,0,312,185,1,eL6-2,0,7007.245987,6252.8358,L4
1336,0,616,295,8,eL2/3,0,12196.35125,6260.029142,L2/3
1337,0,479,282,11,eL2/3,0,10858.91922,6282.746843,L2/3
1339,0,278,130,1,Smc,0,13749.63606,6300.751218,L1
1341,0,744,357,4,eL4,0,7434.681045,6279.291568,L4
1345,0,742,348,11,Reln,0,6079.556229,6325.804537,L5
1346,0,289,147,10,Oligo,0,1509.507542,6315.422908,cc
1347,0,779,384,8,eL2/3,0,9860.083656,6320.769511,L2/3
1348,0,375,194,10,eL4,0,10155.23162,6333.675534,L2/3
1349,0,514,308,14,eL2/3,0,11290.69409,6321.137404,L2/3
1350,0,658,384,1,eL2/3,0,11700.30322,6336.213485,L2/3
1351,0,211,117,10,Oligo,0,885.3753868,6328.64575,cc
1352,0,645,310,8,eL4,0,7046.381808,6344.315565,L4
1353,0,692,339,2,eL6-2,0,9382.737258,6308.367986,L2/3
1354,0,532,276,4,eL5,0,5910.400401,6341.23568,L5
1355,0,204,120,1,eL6-1,0,3881.968621,6329.439604,L6
1356,0,334,186,10,eL4,0,7745.022766,6335.154672,L4
1357,0,221,123,10,SST,0,10564.99386,6321.672451,L2/3
1358,0,288,174,1,eL2/3,0,11435.30175,6350.473835,L2/3
1359,0,204,126,5,Oligo,0,1210.551305,6352.122229,cc
1360,0,544,296,10,eL6-2,0,3362.832091,6353.474907,L6
1361,0,207,121,10,Reln,0,9674.209096,6362.788904,L2/3
1362,0,239,132,5,Oligo,0,668.8180716,6377.663122,cc
1363,0,263,152,12,eL6-2,0,4429.318072,6379.089805,L6
1364,0,719,357,9,eL4,0,6735.648859,6365.706287,L4
1365,0,653,322,7,Micro,0,12836.44514,6347.700433,L1
1367,0,251,191,9,eL2/3,0,7618.382698,6382.390323,L4
1368,0,316,164,8,Micro,0,13539.36536,6375.001996,L1
1369,0,430,246,5,eL6-2,0,2614.562212,6387.177521,L6
1370,0,400,221,10,eL6-2,0,3147.233612,6382.532098,L6
1372,0,224,119,11,Oligo,0,1559.172307,6403.563813,cc
1374,0,262,147,5,Astro-2,0,9018.155516,6377.419665,L4
1376,0,520,231,2,Oligo,0,2412.408234,6365.152339,cc
1377,0,513,274,5,eL4,0,7298.99902,6379.26572,L4
1378,0,255,136,5,Oligo,0,8542.131656,6402.613791,L4
1379,0,334,179,2,eL5,0,4608.706896,6380.487456,L6
1380,0,550,307,1,eL2/3,0,12169.63576,6401.176321,L2/3
1381,0,591,313,10,eL6-2,0,3586.132257,6400.34892,L6
1382,0,336,187,8,eL6-2,0,4005.014202,6404.411871,L6
1384,0,392,211,8,eL4,0,9495.290017,6404.294179,L2/3
1386,0,334,181,5,Smc,0,13653.53175,6418.719694,L1
1388,0,333,182,5,Astro-2,0,8773.272238,6439.531717,L4
